flippers-flippers,flippers-builders,flippers-prospects,flippers-adjacents,builders-flippers,builders-builders,builders-prospects,builders-adjacents,builders-permits,prospects-flippers,prospects-builders,prospects-prospects,prospects-adjacents,prospects-permits,adjacents-flippers,adjacents-builders,adjacents-prospects,adjacents-to-adjacents
0.847281382,0.09,0.06,0.002718618,0.042421124,0.3522882,0.128348115,0.00894256,0.468,0.011060291,0.116867804,0.766931266,0.004140638,0.101,0.027983159,0.038031683,0.046232429,0.88775273
0.70697448,0.19,0.1,0.00302552,0.021664105,0.3340346,0.196283186,0.008018109,0.44,0.037,0.092130426,0.75,0.005869574,0.115,0.01883742,0.04,0.05,0.89116258
0.6,0.28,0.11,0.01,0.022329301,0.137571606,0.134392011,0.005707082,0.7,0.04,0.070048599,0.733568292,0.006383109,0.15,0.018761977,0.042961742,0.038880139,0.899396142
0.6,0.29,0.099,0.011,0.022329301,0.306037898,0.125932801,0.0057,0.54,0.03,0.088349759,0.734421227,0.003229014,0.144,0.017,0.042336956,0.037729327,0.902933717
0.32,0.407,0.262,0.011,0.261219449,0.07,0.062980551,0.0058,0.6,0.03,0.190526226,0.626931213,0.002542561,0.15,0.001,0.024978929,0.007744114,0.966276957
